{
  "overall": {
    "mean": 35.72381,
    "std": 9.41554352828867,
    "min": 4.0,
    "max": 56.1,
    "median": 36.6
  },
  "by_polarisation": {
    "HH": {
      "count": 47928,
      "mean": 35.773779419128694,
      "std": 9.377104157879183,
      "range": [
        4.0,
        56.1
      ]
    },
    "VV": {
      "count": 2072,
      "mean": 34.56795366795366,
      "std": 10.198924686588297,
      "range": [
        5.3,
        50.0
      ]
    }
  },
  "by_mode": {
    "sliding_spotlight": {
      "count": 1710,
      "mean": 35.28830409356725,
      "std": 9.936885853098156,
      "range": [
        8.7,
        50.0
      ]
    },
    "spotlight": {
      "count": 42862,
      "mean": 36.06073911623349,
      "std": 9.414466137073685,
      "range": [
        5.2,
        55.4
      ]
    },
    "stripmap": {
      "count": 5428,
      "mean": 33.20046057479735,
      "std": 8.851179224217278,
      "range": [
        4.0,
        56.1
      ]
    }
  },
  "analysis_date": "2025-09-16T14:10:12.610909",
  "sample_size": 50000
}